{
  "mean": 1.2707429704000002,
  "error": 6.248688088108498e-11,
  "max": 1.365177384,
  "min": 1.14157836,
  "count": 5
}