{
  "mean": 2.6887920592,
  "error": 1.6687835919877516e-10,
  "max": 3.684603919,
  "min": 2.342507609,
  "count": 5
}