{
  "mean": 4.499562864800001,
  "error": 1.26407430811692e-10,
  "max": 5.533020489,
  "min": 3.810480278,
  "count": 5
}