{
  "mean": 2.35197856,
  "error": 1.623356599971642e-10,
  "max": 3.186219,
  "min": 3.186219,
  "count": 5
}