{
  "mean": 2.5650865,
  "error": 1.413577762816112e-10,
  "max": 3.0708515,
  "min": 3.0708515,
  "count": 5
}