{
  "mean": 0.8523118613999999,
  "error": 3.859535154485708e-11,
  "max": 0.904406334,
  "min": 0.817853595,
  "count": 5
}