{
  "mean": 2.33907532,
  "error": 8.00357115364029e-11,
  "max": 2.7037209,
  "min": 2.7037209,
  "count": 5
}