{
  "mean": 5.4103968,
  "error": 1.1036649254337442e-10,
  "max": 6.6852079,
  "min": 6.6852079,
  "count": 5
}