{
  "mean": 6.15363442,
  "error": 1.8453857598909473e-10,
  "max": 7.9008555,
  "min": 7.9008555,
  "count": 5
}