{
  "mean": 5.4466115,
  "error": 1.2799808957712947e-10,
  "max": 6.4305683,
  "min": 6.4305683,
  "count": 5
}