{
  "mean": 9.54778374,
  "error": 2.584294042483221e-10,
  "max": 13.5109606,
  "min": 13.5109606,
  "count": 5
}