{
  "mean": 1.5681135152,
  "error": 4.832368145812372e-11,
  "max": 1.704499666,
  "min": 1.476811138,
  "count": 5
}