{
  "mean": 12.12522826,
  "error": 1.6791766740460734e-10,
  "max": 16.6467626,
  "min": 16.6467626,
  "count": 5
}