{
  "mean": 3.5832070776,
  "error": 3.033377619396615e-11,
  "max": 3.793775085,
  "min": 3.433798401,
  "count": 5
}