{
  "mean": 53.76436428,
  "error": 1.5084636825765058e-10,
  "max": 70.631417,
  "min": 70.631417,
  "count": 5
}